editor,journal
Jacob Phillips,IEEE Trans. Aerosp. Electron. Syst.
Violet Perez,Astron. Comput.
Joshua Cooper,Neural Process. Lett.
Alexandra Davis,AI Mag.
Caleb Baker,Int. J. Pattern Recognit. Artif. Intell.
Gabriella Hernandez,J. King Saud Univ. Comput. Inf. Sci.
Alexander Hall,Inf. Syst. Manag.
Lucy Reynolds,AI Mag.
William Campbell,IEEE Trans. Image Process.
Olivia Gonzalez,IEEE Pervasive Comput.
Josephine Wright,J. Simulation
Jeremiah Foster,J. Simulation
Emma Perez,Signal Process.
Dominic Baker,J. Simulation
Stella Johnson,AI Mag.
Nathaniel Evans,Int. J. Pattern Recognit. Artif. Intell.
Reagan Hill,Neural Process. Lett.
Christian Martinez,Autom. Control. Comput. Sci.
Sadie Carter,IEEE Trans. Aerosp. Electron. Syst.
Timothy Thomas,IEEE Trans. Neural Networks Learn. Syst.
Lauren Brown,J. Simulation
Gavin Ramirez,Signal Process.
Sophia Garcia,Signal Process.
Ryan Hernandez,J. Commun. Networks
Amelia Young,Int. J. Swarm Intell. Res.
Levi Powell,Int. J. Pattern Recognit. Artif. Intell.
Avery Mitchell,IEEE Trans. Neural Networks Learn. Syst.
Michaela Davis,Int. J. Cloud Appl. Comput.
Lucas Parker,J. Simulation
Olivia Nguyen,IEEE Trans. Aerosp. Electron. Syst.
Benjamin Clarke,IEEE Trans. Aerosp. Electron. Syst.
Isabella Campbell,IEEE Trans. Biomed. Eng.
Samuel Turner,AI Mag.
Ava Torres,AI Mag.
Ethan Kim,Neural Process. Lett.
Charlotte Green,Autom. Control. Comput. Sci.
Lucas Adams,J. Simulation
Grace Murphy,Int. J. Swarm Intell. Res.
Jackson Rodriguez,Autom. Control. Comput. Sci.
Abigail Brown,J. Simulation
Elijah Davis,Autom. Control. Comput. Sci.
Sophia Scott,J. Simulation
William Foster,IEEE Trans. Image Process.
Mia Martinez,Int. J. Swarm Intell. Res.
Alexander Baker,AI Mag.
Emily Hill,J. King Saud Univ. Comput. Inf. Sci.
Michaela Parker,Int. J. Pattern Recognit. Artif. Intell.
Madison Johnson,Neural Process. Lett.
Daniel Wright,Astron. Comput.
Elizabeth Kim,AI Mag.
Noah Evans,AI Mag.
Chloe Perez,Int. J. Swarm Intell. Res.
Christopher Patel,IEEE Pervasive Comput.
Natalie Garcia,Autom. Control. Comput. Sci.
Samuel Hill,J. Commun. Networks
Lily Campbell,IEEE Trans. Biomed. Eng.
Nicholas Flores,IEEE Trans. Aerosp. Electron. Syst.
Hannah Wright,IEEE Trans. Image Process.
Victoria Ramirez,IEEE Trans. Image Process.
Matthew Green,Int. J. Cloud Appl. Comput.
Evelyn Foster,Autom. Control. Comput. Sci.
David Campbell,IEEE Trans. Neural Networks Learn. Syst.
Penelope Adams,Autom. Control. Comput. Sci.
Josephine Mitchell,IEEE Trans. Aerosp. Electron. Syst.
Scarlett Turner,Int. J. Comput. Math. Comput. Syst. Theory
Anthony Scott,J. Commun. Networks
James Lee,IEEE Trans. Biomed. Eng.
Caroline Davis,IEEE Trans. Image Process.
Isaac Rodriguez,Signal Process.
Aria Thompson,AI Mag.
John Murphy,Quantum Inf. Process.
