chair,conference
Olivia Barnes,Wisdom 2.0
Benjamin Walker,The Human Gathering
Isabella Price,SF Blockchain Week
Samuel Patel,Web Summit
Ava Matthews,Web Summit
Ethan Stewart,SF Blockchain Week
Charlotte Collins,Web Summit
Lucas Foster,The Human Gathering
Grace Kim,Web Summit
Jackson Scott,Side x Side
Abigail Murphy,The Human Gathering
Elijah Campbell,Web Summit
Sophia Chen,Side x Side
William Porter,Side x Side
Mia Parker,Web Summit
Alexander Cook,Web Summit
Emily Clark,SF Blockchain Week
Michaela Wright,Wisdom 2.0
Madison Davis,Wisdom 2.0
Daniel Nelson,Side x Side
Elizabeth Lee,Web Summit
Noah Thompson,The Human Gathering
Chloe Turner,Side x Side
Christopher Baker,SF Blockchain Week
Natalie King,SF Blockchain Week
Samuel Phillips,The Human Gathering
Lily Rodriguez,Side x Side
Nicholas Cooper,SF Blockchain Week
Hannah White,SF Blockchain Week
Ryan Evans,Side x Side
Victoria Nguyen,The Human Gathering
Matthew Martinez,Web Summit
Evelyn Green,Wisdom 2.0
David Ramirez,The Human Gathering
Penelope Wilson,The Human Gathering
Josephine Reyes,Wisdom 2.0
Scarlett Brown,Web Summit
Anthony Adams,The Human Gathering
James Hernandez,Side x Side
Caroline Patel,Web Summit
Isaac Carter,SF Blockchain Week
Aria Baker,SF Blockchain Week
John Turner,Wisdom 2.0
Harper Wright,SF Blockchain Week
Robert Lee,The Human Gathering
Sydney Martinez,SF Blockchain Week
Thomas Davis,Web Summit
Audrey Campbell,Web Summit
Gabriel Scott,Wisdom 2.0
Zoey Powell,The Human Gathering
Andrew Martin,The Human Gathering
Savannah Lewis,Side x Side
Nathaniel Rodriguez,The Human Gathering
Claire Flores,Web Summit
Adam Mitchell,Side x Side
Leah Johnson,SF Blockchain Week
Timothy Green,Web Summit
Isabelle Torres,Side x Side
Jonathan Adams,Wisdom 2.0
Addison Perez,SF Blockchain Week
Richard Kim,The Human Gathering
Amber Hill,The Human Gathering
Peter Martinez,The Human Gathering
Julia Foster,Web Summit
Benjamin Reed,Web Summit
Madelyn Diaz,Web Summit
Christopher Clarke,Side x Side
Kaylee Scott,The Human Gathering
Charles Nguyen,Web Summit
Eleanor Wright,The Human Gathering
