chair,reviewer
Sydney Martinez,Danni Zhu
Claire Flores,Hen-Wai Tsao
Ryan Evans,Adriano Meta
Hannah White,Andrzej Omieljanowicz
Emily Clark,Roy Edgar Hansen
Isaac Carter,Wirt Atmar
Lucas Foster,Hermano Frid
Ethan Stewart,Arvind Ramanathan
Julia Foster,Erik Meineche Schmidt
Matthew Martinez,Björn Berghausen
Hannah White,Vera Tilson
Isabella Price,Cynthia Jane Solomon
Natalie King,Diogo Poças
Elijah Campbell,Daniel Cullina
Nathaniel Rodriguez,Kanad Chakraborty
Jonathan Adams,Chi-Sang Jung
Zoey Powell,Ahmed M. Mohamed
Anthony Adams,David Dagan Feng
Adam Mitchell,E. Lerzan Örmeci
Samuel Phillips,Abbas Heydari
Charles Nguyen,Aku Riihelä
Mia Parker,Lukasz Maksymiuk
Gabriel Scott,N. C. Simpson
Elijah Campbell,Renbiao Wu
Amber Hill,Amir Bozorgzadeh
Robert Lee,John T. Fredricksen
David Ramirez,Theodosios Pavlidis
Madison Davis,Laurent Chupin
Caroline Patel,Anna Maria Paganoni
Grace Kim,Ming Zhang
Julia Foster,Chi-Wang Shu
Christopher Baker,Adel El-Faraskoury
Elizabeth Lee,Huijun Wu
Isabella Price,Arturo Molina 0001
William Porter,Constant Solimando
Elijah Campbell,Fabian Rothmaier
Julia Foster,Jiaqi Zhang 0001
Ethan Stewart,Daniel Troy
Nicholas Cooper,Louise A. Mawn
Claire Flores,Hai-Wei Sun
Natalie King,Oliver Marschollek
Caroline Patel,M. I. Cohen
Madelyn Diaz,Amir Shmuel
Isabelle Torres,Fabio Nobile
Olivia Barnes,Anton Schiela
Aria Baker,Heike Siebert
Lily Rodriguez,Norman F. Schneidewind
Claire Flores,Luca Schenato 0001
Natalie King,Bita Alipasandi
Matthew Martinez,S. Twomey
Victoria Nguyen,Naohisa Komatsu
Madelyn Diaz,David Perry
Isabella Price,Le Deng
Jonathan Adams,Lianjun Xiao
James Hernandez,Hady Pranoto
Ryan Evans,Ilan Abramovici
Amber Hill,Dan Suciu
Nathaniel Rodriguez,Mazen O. Hasna
Isabella Price,Haowei Xu
Eleanor Wright,Qiqi Wang
Josephine Reyes,Daniela Guaiana
Anthony Adams,Aida Pliuskeviciene
Sophia Chen,Karl-Heinz Best
Samuel Patel,K. R. Ramakrishnan
Isabelle Torres,Arthur J. Davidson
Noah Thompson,Dariusz Fabianowski
Charlotte Collins,Hidehisa Yoshida
Daniel Nelson,Robert Finger
Isabelle Torres,Di Li 0003
Sophia Chen,Astrid Tannert
Mia Parker,Jan Camenisch
Scarlett Brown,Chia-Lung Yeh
Grace Kim,Jiang Ma
Alexander Cook,Moulay A. Barkatou
Victoria Nguyen,Babak Farzad
Samuel Phillips,Chih-Yuan Yao
Leah Johnson,Kwok-Kai Soo
Isaac Carter,Guangyuan Pan
Lucas Foster,Chaojiang Wu
Christopher Clarke,Anita Schöbel
Mia Parker,Keecheon Kim
Andrew Martin,André Raspaud
Isaac Carter,E. A. Mary Anita
Isaac Carter,Akira Suzuki
Scarlett Brown,Huiqin Xie
Lily Rodriguez,Dinesh Manocha
Jonathan Adams,David T. Wong
Lucas Foster,Osama Rashed Sayed
Leah Johnson,C. G. Parthipan
Peter Martinez,Alper Korkmaz
Evelyn Green,Christopher I. Amos
Isaac Carter,Dok Nam Lee
Madelyn Diaz,Arun Mittal
Daniel Nelson,Bettina Klaus
Zoey Powell,Duyan Bi
Kaylee Scott,Andrew J. Hinchley
Hannah White,Amaro de Sousa
Christopher Baker,Theodore Hailperin
Mia Parker,David Alan Grier
James Hernandez,Gabriel M. Silberman
