conference,proceeding
SF Blockchain Week,1
The Human Gathering,2
The Human Gathering,3
Side x Side,4
Wisdom 2.0,5
The Human Gathering,6
SF Blockchain Week,7
SF Blockchain Week,8
Side x Side,9
Side x Side,10
Side x Side,11
Wisdom 2.0,12
The Human Gathering,13
The Human Gathering,14
SF Blockchain Week,15
SF Blockchain Week,16
SF Blockchain Week,17
The Human Gathering,18
Wisdom 2.0,19
Web Summit,20
SF Blockchain Week,21
Web Summit,22
The Human Gathering,23
SF Blockchain Week,24
The Human Gathering,25
SF Blockchain Week,26
SF Blockchain Week,27
Wisdom 2.0,28
The Human Gathering,29
The Human Gathering,30
The Human Gathering,31
The Human Gathering,32
Web Summit,33
Web Summit,34
Side x Side,35
Side x Side,36
Side x Side,37
SF Blockchain Week,38
Web Summit,39
Side x Side,40
SF Blockchain Week,41
SF Blockchain Week,42
Side x Side,43
Wisdom 2.0,44
Web Summit,45
Web Summit,46
Side x Side,47
Side x Side,48
Wisdom 2.0,49
SF Blockchain Week,50
Side x Side,51
Web Summit,52
The Human Gathering,53
SF Blockchain Week,54
SF Blockchain Week,55
SF Blockchain Week,56
The Human Gathering,57
SF Blockchain Week,58
Wisdom 2.0,59
Wisdom 2.0,60
Web Summit,61
Web Summit,62
Wisdom 2.0,63
Side x Side,64
Side x Side,65
SF Blockchain Week,66
Wisdom 2.0,67
Web Summit,68
The Human Gathering,69
SF Blockchain Week,70
Web Summit,71
SF Blockchain Week,72
Web Summit,73
Side x Side,74
Wisdom 2.0,75
The Human Gathering,76
The Human Gathering,77
The Human Gathering,78
The Human Gathering,79
SF Blockchain Week,80
The Human Gathering,81
Side x Side,82
SF Blockchain Week,83
SF Blockchain Week,84
Web Summit,85
SF Blockchain Week,86
Web Summit,87
Wisdom 2.0,88
Side x Side,89
SF Blockchain Week,90
SF Blockchain Week,91
SF Blockchain Week,92
Side x Side,93
Web Summit,94
Side x Side,95
Web Summit,96
Wisdom 2.0,97
Web Summit,98
SF Blockchain Week,99
The Human Gathering,100
