article,final_decision
#IamMetiria: A qualitative case study of agonistic welfare policy debates on Twitter.,True
(3+1)-dimensional dissipative relativistic fluid dynamics at non-zero net baryon density.,True
3D IMPRESS vision expert system for automated construction of three-dimensional image processing procedures and its performance evaluation.,True
3D flow field estimation and assessment for live cell fluorescence microscopy.,True
"8-Gb/s source-synchronous I/O link with adaptive receiver equalization, offset cancellation, and clock de-skew.",True
A Bidirectional Differential Cascode Voltage Switch DC-DC Buck-Boost Converter for Low Voltage Application.,True
A CCD-ADI method for unsteady convection-diffusion equations.,True
A Cable-Driven Exosuit for Upper Limb Flexion Based on Fibres Compliance.,True
A Cognitive Reformation.,True
"A Common Set of Perceptual Observables for Grouping, Figure-Ground Discrimination, and Texture Classification.",True
A DEA approach for evaluating the efficiency and effectiveness of urban transit systems.,True
A Design Method of bursting Using Two-Parameter bifurcation Diagrams in Fitzhugh-nagumo Model.,True
A Factorial Design To Optimize Cell-Based Drug Discovery Analysis.,True
A Formal Approach to Incremental Converter Synthesis for System-on-Chip Design.,True
A Framework for GNSS Spoofing Detection Through Combinations of Metrics.,True
A Generalized Geodesic Distance-Based Approach for Analysis of SAR Observations Across Polarimetric Modes.,True
A Generative Framework for Image-based Editing of Material Appearance using Perceptual Attributes.,True
A Global Linear and Local Quadratic Noninterior Continuation Method for Nonlinear Complementarity Problems Based on Chen-Mangasarian Smoothing Functions.,True
A High Precision Direction-Finding Method Based on Multi-Baseline for Target Rescue.,True
A High-Efficiency Low-Voltage CMOS Rectifier for Harvesting Energy in Implantable Devices.,True
A Hybrid BCI Based on SSVEP and EOG for Robotic Arm Control.,True
A Hybrid Delay Design-for-Testability for Nonseparable RTL Controller-Data Path Circuits.,True
A Lattice-Partition Framework of Downlink Non-Orthogonal Multiple Access Without SIC.,True
A Macroscopic Traffic Data-Assimilation Framework Based on the Fourier-Galerkin Method and Minimax Estimation.,True
A Minimum Arclength Method for Removing Spikes in Empirical Mode Decomposition.,True
A New Method to Obtain Termination in Backward Proof Search for Modal Logic ,True
A Novel 3D Indoor Localization Scheme Using Virtual Access Point.,True
A Novel Decentralized Analytical Methodology for Cyber Physical Networks Attack Detection.,True
A Novel Dual Iterative Q-Learning Method for Optimal Battery Management in Smart Residential Environments.,True
A Novel Emulation Model of the Cardiac Conduction System.,True
A Novel Fuzzy Modeling Structure-Decomposed Fuzzy System.,True
A Novel Process Network Model for Interacting Context-Aware Web Services.,True
A Novelty Approach to Retina Diagnosing Using Biometric Techniques With SVM and Clustering Algorithms.,True
A Predictive Control-Based Approach to Networked Hammerstein Systems: Design and Stability Analysis.,True
A Quantum-Proof Non-Malleable Extractor With Application to Privacy Amplification against Active Quantum Adversaries.,True
A Reliable Protection Scheme for Fast DC Fault Clearance in a VSC-Based Meshed MTDC Grid.,True
A Residual Analysis-Based Improved Particle Filter in Mobile Localization for Wireless Sensor Networks.,True
A Rigorously Bayesian Beam Model and an Adaptive Full Scan Model for Range Finders in Dynamic Environments.,True
A Semantic Approach to Virtual World Standards.,True
A Semantic web approach to handling soft constraints in virtual organisations.,True
A Simulation-Based Approach to Decision Making with Partial Information.,True
A Smart Work Performance Measurement System for Police Officers.,True
A Special Section on Cognitive Computing for Internet of Health Informatics Things.,True
"A Stochastic Formulation of the Dynamic Assignment Problem, with an Application to Truckload Motor Carriers.",True
A Stochastic Joint Replenishment Problem with Dissimilar Items.,True
A Study of Chaotic Maps Producing Symmetric Distributions in the Fish School Search Optimization Algorithm with Exponential Step Decay.,True
A Study of Search Intermediary Working Notes: Implications for IR System Design.,True
A Theory of Restricted Quantification I.,True
A Unified Algebraic Approach to 2-D and 3-D Motion Segmentation and Estimation.,True
A VLSI architecture for dynamic scene analysis.,True
A Variable Step Size LMS Algorithm Using Fuzzy Logic.,True
A WWW Information Seeking Process Model.,True
A Wave Digital Newton-Raphson Method for Virtual Analog Modeling of Audio Circuits with Multiple One-Port Nonlinearities.,True
A ZVS APWM Half-Bridge Parallel Resonant DC-DC Converter With Capacitive Output.,True
A biochemical multi-species quality model of a drinking water distribution system for simulation and design.,True
A central limit theorem for normalized products of random matrices.,True
A clarification of confirmatory composite analysis (CCA).,True
A clustering detector with graph theory for blind detection of spatial modulation systems.,True
A comparative study between syringe-based and screw-based 3D food printers by computational simulation.,True
A computer-aided approach to identify novel Leishmania major protein disulfide isomerase inhibitors for treatment of leishmaniasis.,True
A confidence map and pixel-based weighted correlation for PRNU-based camera identification.,True
A construction of vertex-transitive non-Cayley graphs.,True
A constructive approach to examination timetabling based on adaptive decomposition and ordering.,True
A content based image retrieval system for a biological specimen collection.,True
A deep learning based method benefiting from characteristics of patents for semantic relation classification.,True
A deployment methodology of real-time industrial control applications in distributed controllers.,True
A discontinuous Galerkin finite element method for directly solving the Hamilton-Jacobi equations.,True
A discrete water cycle algorithm for solving the symmetric and asymmetric traveling salesman problem.,True
A fast graphics printing program for neurophysiological data.,True
A fast seed detection using local geometrical feature for automatic tracking of coronary arteries in CTA.,True
A finite characterization of,True
A forward-backward fragment assembling algorithm for the identification of genomic amplification and deletion breakpoints using high-density single nucleotide polymorphism (SNP) array.,True
A fully integrated feedback AGC loop for ZigBee (IEEE 802.15.4) RF transceiver applications.,True
A generic framework for heap and value analyses of object-oriented programming languages.,True
A group key-policy attribute-based encryption with partial outsourcing decryption in wireless sensor networks.,True
A high-resolution method for the depth-integrated solute transport equation based on an unstructured mesh.,True
A hybrid genetic-particle swarm algorithm based on multilevel neighbourhood structure for flexible job shop scheduling problem.,True
A knowledge based decision support system for computer performance management.,True
A large-scale empirical study of P3P privacy policies: Stated actions vs. legal obligations.,True
A library network model.,True
A make-to-stock production/inventory model with MAP arrivals and phase-type demands.,True
A martingale Kronecker lemma and parameter estimation for linear systems.,True
A method to optimize evacuation instructions.,True
A method to track cortical surface deformations using a laser range scanner.,True
A mixed mimetic spectral element model of the rotating shallow water equations on the cubed sphere.,True
A modification of kernel discriminant analysis for high-dimensional data - with application to face recognition.,True
A modified cumulant matrix for DOA estimation.,True
A multi-granularity heuristic-combining approach for censorship circumvention activity identification.,True
A multi-stage spatio-temporal adaptive network for video super-resolution.,True
A multimodal fusion approach for image captioning.,True
A neurophysiological approach to assess training outcome under stress: A virtual reality experiment of industrial shutdown maintenance using Functional Near-Infrared Spectroscopy (fNIRS).,True
A new algorithm to estimate monotone nonparametric link functions and a comparison with parametric approach.,True
A new approach for interpreting Random Forest models and its application to the biology of ageing.,True
A new class of stochastic EM algorithms. Escaping local maxima and handling intractable sampling.,True
A new data hiding approach for image steganography based on visual color sensitivity.,True
A new hierarchical architecture for Air Traffic Management: Optimisation of airway capacity in a Free Flight scenario.,True
A new lower bound for the minimum distance of a cyclic code.,True
A new rough cloud AHP method for risk evaluation of public-private partnership projects.,True
A nonlinear state estimation framework for humanoid robots.,True
A note on the Distance spectral radius of some graphs.,True
A novel artificial neural network method for biomedical prediction based on matrix pseudo-inversion.,True
A novel factorial design search to determine realizable constant sets for a multi-mechanism model of mixing sensitive precipitation.,True
A pragmatic approach to integrated process/device/circuit simulation for IC technology development.,True
A quantum related-key attack based on the Bernstein-Vazirani algorithm.,True
A real-time cloth draping simulation algorithm using conjugate harmonic functions.,True
A review on manipulation skill acquisition through teleoperation-based learning from demonstration.,True
A serial inventory system with supplier selection and order quantity allocation.,True
A simple model of retina-LGN transmission.,True
A spatial decision support tool for estimating population catchments to aid rural and remote health service allocation planning.,True
A statistical feature data mining framework for constructing scholars' career trajectories in academic data.,True
A survey of techniques for architecting SLC/MLC/TLC hybrid Flash memory-based SSDs.,True
A survey of transformer-based multimodal pre-trained modals.,True
A tandem queueing model with coupled processors.,True
A weighted strategy to handle likelihood uncertainty in Bayesian inference.,True
A workflow management system to feed digital libraries: proposal and case study.,True
"ACM/Springer Mobile Networks and Applications (MONET) Special Issue on ""Advanced Mobile Applications and Intelligent Multimedia systems for Ubi-Com"".",True
AGGLO-Hi clustering algorithm for gene expression micro array data using proximity measures.,True
Absolutely expedient imitative behavior.,True
Accelerating Density Peak Clustering Algorithm.,True
Accelerating Multipattern Matching on Compressed HTTP Traffic.,True
Accounting for Dynamic Diversity Among Child Users of IoT.,True
Acoustic Features for the Identification of Coronary Artery Disease.,True
Adaptive Geometry Image.,True
Adaptive Particle Filter for Data Fusion of Multiple Cameras.,True
Adaptive Sliding Mode Based Stabilization Control for the Class of Underactuated Mechanical Systems.,True
Adaptive learning region importance for region-based image retrieval.,True
Admission control with physical rate measurement for IEEE 802.11e controlled channel access.,True
Advanced manufacturing systems: supply-demand matching of manufacturing resource based on complex networks and Internet of Things.,True
Advances in Librarianship (Volume 33).,True
Advancing Qualitative IS Research Methodologies: Expanding Horizons and Seeking New Paths.,True
Advancing the Boundaries of Higher Education in Arizona Using the World Wide Web.,True
Aerial Robotics and the Quadrotor [From the Guest Editors].,True
Affinity Propagation Clustering of Measurements for Multiple Extended Target Tracking.,True
Algebraic and combinatorial results for ranking competitors in a sequence of races.,True
Algorithm 300: Coulomb wave functions.,True
Algorithms for Shape Analysis of Contours and Waveforms.,True
All-Optical Cochlear Implants.,True
Allowing for the effect of data binning in a Bayesian Normal mixture model.,True
Almost Lyapunov functions for nonlinear systems.,True
An Accelerated Finite-Time Convergent Neural Network for Visual Servoing of a Flexible Surgical Endoscope With Physical and RCM Constraints.,True
An Adaptive Infeasible-Interior-Point Method with the One-Norm Wide Neighborhood for Semi-definite Programming.,True
An Adaptive Piecewise Harmonic Analysis Method for Reconstructing Multi-Year Sea Surface Chlorophyll-A Time Series.,True
An Advanced Voltage Support Scheme Considering the Impact of Zero-Sequence Voltage Under Microgrid Faults Using Model Predictive Control.,True
An Approach to Identify Optic Disc in Human Retinal Images Using Ant Colony Optimization Method.,True
An Efficient Hyperspectral Image Retrieval Method: Deep Spectral-Spatial Feature Extraction with DCGAN and Dimensionality Reduction Using ,True
"An Empirical Investigation of Digital Content Characteristics, Value, and Flow.",True
An Empirical Study of Technological Factors Affecting Cloud Enterprise Resource Planning Systems Adoption.,True
An Energy Efficient Sink Location Service for Continuous Objects in Wireless Sensor Networks.,True
An Energy-Efficient Train Control Framework for Smart Railway Transportation.,True
An Enhanced Secure Authentication Scheme for Vehicular Ad Hoc Networks Without Pairings.,True
An Evolutionary Dynamic Control Cuckoo Search Algorithm for Solving the Constrained Engineering Design Problems.,True
An Extremal Problem on Sparse 0-1 Matrices.,True
An Instructional Feedback Technique for Teaching Project Management Tools Aligned with PMBOK.,True
An Intelligent Integrated Approach for Efficient Demand Side Management With Forecaster and Advanced Metering Infrastructure Frameworks in Smart Grid.,True
An O(n log n) Algorithm for Rectilinear Minimal Spanning Trees.,True
An Operational Approach To Program Design.,True
An Optimal Control Problem in Polyconvex Hyperelasticity.,True
An Optimized Cost Flow Algorithm to Spread Cells in Detailed Placement.,True
An Upper Bound for Ramanujan Primes.,True
An accuracy improved hearing aid readout circuit using a gain-enhanced and OTA-free pseudo-PLL feedback technique.,True
An adaptive memory methodology for the vehicle routing problem with simultaneous pick-ups and deliveries.,True
An admission control algorithm based on matching game and differentiated service in wireless mesh networks.,True
An attitude-driven web consensus support system for heterogeneous group decision making.,True
An autonomous IoT service placement methodology in fog computing.,True
An effective fusion defogging approach for single sea fog image.,True
An efficient and scalable approach for mining subgraphs in a single large graph.,True
An efficient image aesthetic analysis system using Hadoop.,True
An efficient syntactic approach to structural analysis of on-line handwritten mathematical expressions.,True
An efficient volume- rendering algorithm with an analytic approach.,True
An efficient weak sharpening detection method for image forensics.,True
An efficiently computable subgraph pattern support measure: counting independent observations.,True
An enhanced AHP-TOPSIS-based clustering algorithm for high-quality live video streaming in flying ad hoc networks.,True
An evaluation of alert services: quantity versus quality.,True
An extended KCF tracking algorithm based on TLD structure in low frame rate videos.,True
An extensive evaluation of seven machine learning methods for rainfall prediction in weather derivatives.,True
"An informational distance for estimating the faithfulness of a possibility distribution, viewed as a family of probability distributions, with respect to data.",True
An integrated MOGA approach to determine the Pareto-optimal kanban number and size for a JIT system.,True
An integrated model to evaluate water-energy-food nexus at a household scale.,True
An integrated risk measurement and optimization model for trustworthy software process management.,True
An interval statistical procedure for use in validation of simulation models.,True
An iterative approach for sparse direction-of-arrival estimation in co-prime arrays with off-grid targets.,True
An outcome of expert-oriented digitalization of university processes.,True
An unusual chaotic system and its control.,True
Analysis of an adaptive Uzawa finite element method for the nonlinear Stokes problem.,True
"Analysis of bulk queue with unreliable service station, second optional repair, N-policy multiple vacation, loss and immediate feedback in production system.",True
Analysis of the Reliability of LoRa.,True
Analytical Methods for CDMA Systems with Parallel Interference Cancellation: The Large Deviation Approach.,True
Analyzing the relationship between text features and grants productivity.,True
Animal behavior as a paradigm for developing robot autonomy.,True
Annotating and modeling empathy in spoken conversations.,True
Annular Neighboring Points Distribution Analysis: A Novel PLS Stem Point Cloud Preprocessing Algorithm for DBH Estimation.,True
Anti-Multipath Orthogonal Chirp Division Multiplexing for Underwater Acoustic Communication.,True
Application of adaptive multilevel splitting to high-dimensional dynamical systems.,True
Application of hybrid fast marching method to determine the real-time path for the biped robot.,True
Application of the Generalized Hamiltonian Dynamics to Spherical Harmonic Oscillators.,True
Applying Case-Based Reasoning to Tactical Cognitive Sensor Networks for Dynamic Frequency Allocation.,True
Approximability in the GPAC.,True
Architectures reconfigurable et faible consommation. Réalité ou prospective ?,True
Are Malware Detection Classifiers Adversarially Vulnerable to Actor-Critic based Evasion Attacks?,True
Area- and power-efficient iterative single/double-precision merged floating-point multiplier on FPGA.,True
Argumentation and CP-Boolean Games.,True
Array of Organic Field-Effect Transistor for Advanced Sensing.,True
Assessment for soil improvement benefit of land rehabilitation in dump areas.,True
Assessment of changes in urban green spaces of Mashad city using satellite data.,True
Association between triallelic polymorphism of the serotonin transporter and [,True
Asymptotically optimal quantizers for detection of I.I.D. data.,True
Austin Center for Design.,True
Austin Group Status Update.,True
"Automated detection and localisation of duplicated regions affected by reflection, rotation and scaling in image forensics.",True
Automatic Road Detection and Centerline Extraction via Cascaded End-to-End Convolutional Neural Network.,True
Automatic analysis of electronic digital circuits using list processing.,True
Automatic scaling range selection for long-range dependent network traffic.,True
Automatic seizure detection using a highly adaptive directional time-frequency distribution.,True
Autonomous Population Regulation Using a Multi-Agent System in a Prey-Predator Model That Integrates Cellular Automata and the African Buffalo Optimization Metaheuristic.,True
Basic Difference Between Brain and Computer: Integration of Asynchronous Processes Implemented as Hardware Model of the Retina.,True
Beat Tracking for Multiple Applications: A Multi-Agent System Architecture With State Recovery.,True
Belief function of Pythagorean fuzzy rough approximation space and its applications.,True
Benchmarking HEp-2 specimen cells classification using linear discriminant analysis on higher order spectra features of cell shape.,True
Beyond Document Similarity: Understanding Value-Based Search and Browsing Technologies.,True
Beyond the Impact Factor: measuring the international visibility of Romanian social sciences journals.,True
Bidirectional Optical Spatial Modulation for Mobile Users: Toward a Practical Design for LiFi Systems.,True
Big vs little core for energy-efficient Hadoop computing.,True
Bilateral vs. Paretic-Limb-Only Ankle Exoskeleton Assistance for Improving Hemiparetic Gait: A Case Series.,True
Black-box attacks against log anomaly detection with adversarial examples.,True
Block-Based High Performance CNN Architectures for Frame-Level Overlapping Speech Detection.,True
Block-level packet recovery with network coding for wireless reliable multicast.,True
Blockchain Standard: Can We Reach Consensus?,True
Blow-up in the Parabolic Problems under Nonlinear Boundary Conditions.,True
Book Review of Silicon Second Nature: Culturing Artifical Life in a Digital World by Stefan Helmreich.,True
Book review.,True
Bottom-up action modeling via spatial factorization for serving food.,True
Bridging gaps in handoffs: A continuity of care based approach.,True
Building a Technology Recommender System Using Web Crawling and Natural Language Processing Technology.,True
Business pluralism of electronic prescriptions: state of development in Europe and the USA.,True
CAHR: A Contextually Adaptive Home-Based Rehabilitation Framework.,True
CMPF: Class-switching minimized pathfinding in metabolic networks.,True
Calculating the Maximum Execution Time of Real-Time Programs.,True
Calculation and Analysis of Constant Stiffness Space for Redundant Cable-Driven Parallel Robots.,True
Candidate List Reduction Based on the Analysis of Fingerprint Indexing Scores.,True
Capacity- and Bayesian-Based Cognitive Sensing with Location Side Information.,True
Central versus local multiple stage inventory planning: An analysis of solutions.,True
Cerebrospinal fluid control system.,True
Chapter Two - Integrated platforms for blockchain enablement.,True
Characteristic vector and weight distribution of a linear code.,True
Characterization of unlabeled level planar trees.,True
Clinical Outcome Prediction Using Single-Cell Data.,True
Clustering bivariate mixed-type data via the cluster-weighted model.,True
Coalition-Based Cooperative Packet Delivery under Uncertainty: A Dynamic Bayesian Coalitional Game.,True
"Code Growth, Explicitly Defined Introns, and Alternative Selection Schemes.",True
Cognitive strategies observed during problem solving with LOGO.,True
Coincidence of cooperative game theoretic solutions in the appointment problem.,True
Collaborative adhocracies and mix-and-match technologies in emergency management.,True
Combat Models for RTS Games.,True
Combining multi-target regression deep neural networks and kinetic modeling to predict relative fluxes in reaction systems.,True
Comment on the Public Key Substitution Attacks.,True
Comments on a cryptographic key assignment scheme.,True
Communication Quality Prediction for Internet of Vehicle (IoV) Networks: An Elman Approach.,True
Communication Theory Joint data detection and estimation of time-varying multipath rayleigh fading channels in asynchronous DS-CDMA systems with long spreading sequences.,True
Comorbidity network for chronic disease: A novel approach to understand type 2 diabetes progression.,True
Comparing Data Mining Models in Academic Analytics.,True
Comparison of four mathematical models to analyze indicator-dilution curves in the coronary circulation.,True
Comparison of magnetic field distributions generated by various permanent magnets for transcranial static magnetic stimulation: A simulation study.,True
Compilation des contraintes booléennes n-aires pour le traitement des CSP dynamiques.,True
Comprehensive Application of Spatial and Reasoned Thinking in Physical Education.,True
Compressed Decision Problems for Graph Products and Applications to (outer) Automorphism Groups.,True
Compressible flows: New existence results and justification of the Reynolds asymptotic in thin films.,True
Computational origami environment on the web.,True
Computational performance of basic state reduction based dynamic programming algorithms for bi-objective 0-1 knapsack problems.,True
Computationally efficient optimization models for preliminary distillation column design and separation energy targeting.,True
"Computer self-efficacy in the information society: Design of learning strategies, mechanisms and skill areas.",True
Computing the Newton Polygon of the Implicit Equation.,True
Computing-in-Memory for Performance and Energy-Efficient Homomorphic Encryption.,True
Confidence intervals for an ordinal effect size measure based on partially validated series.,True
Considerations on the multiplexing and diversity tradeoff in ieee 802.11 networks.,True
Consistency degrees of theories in some systems of propositional fuzzy logic.,True
Constructing Optimal Highways.,True
Construction of Large Sets of Pairwise Disjoint Transitive Triple Systems.,True
Construction of regular languages and recognizability of polynomials.,True
Contactless palmprint verification system using 2-D gabor filter and principal component analysis.,True
Content placement in 5G-enabled edge/core data center networks resilient to link cut attacks.,True
Context Effect in the Categorical Perception of Mandarin Tones.,True
Contextual Factors in the Appearance of Consumer Robots: Exploratory Assessment of Perceived Anxiety Toward Humanlike Consumer Robots.,True
Control of clock signals.,True
Convergence and steady-state analysis of the normalized least mean fourth algorithm.,True
Convergence of Fourier-Wavelet Models for Gaussian Random Processes.,True
Convergence of Sparse Collocation for Functions of Countably Many Gaussian Random Variables (with Application to Elliptic PDEs).,True
Convergence of the Least Squares Shadowing Method for Computing Derivative of Ergodic Averages.,True
Converting scanned images of seismic reflection data into SEG-Y format.,True
Coordinating Programs in the Network of Tasks Model.,True
Correction of Wavefront Tilt Caused by Atmospheric Turbulence Using Quadrant Detectors for Enabling Fast Free-Space Quantum Communications in Daylight.,True
Correction to: Mapping audiovisual content providers and resources in Greece.,True
Correlation Coefficients for a Study with Repeated Measures.,True
Correlation analysis of target echoes using distributed transmit array.,True
Correspondence of Trap Spaces in Different Models of Bioregulatory Networks.,True
"Corrigendum to ""Stable matchings and preferences of couples"" [J. Econ. Theory 121 (1) (2005) 75-106].",True
"Corrigendum to: ""Hamiltonicity of the Normal Product of Hypergraphs"" in: J. Inform. Process. Cybernet. EIK26(1990) 7, 415-433.",True
Coupling fuzzy clustering and cellular automata based on local maxima of development potential to model urban emergence and expansion in economic development zones.,True
Coupling strategies for the numerical simulation of blood flow in deformable arteries by 3D and 1D models.,True
Creating Face Models from Vague Mental Images.,True
Creating accessible educational multimedia through editing automatic speech recognition captioning in real time.,True
Critical diversity dimensions influencing effective diverse workforce: a grey-DEMATEL approach.,True
Crop rotation scheduling with adjacency constraints.,True
Cyber Crime: How Technology Makes it Easy and What to do About it.,True
D-MG tradeoff and optimal codes for a class of AF and DF cooperative communication protocols.,True
DA-DRLS: Drift adaptive deep reinforcement learning based scheduling for IoT resource management.,True
DEM- and GIS-Based Analysis of Soil Erosion Depth Using Machine Learning.,True
DMFA-SR: Deeper Membership and Friendship Awareness for Social Recommendation.,True
DVB - vom Digitalen Fernsehen zum Datenrundfunk.,True
Das Regionale Wirtschaftsarchiv in Berlin.,True
"Deanna Marcum and Roger C. Schonfeld. Along Came Google: A History of Library Digitization. Princeton, NJ: Princeton University Press, 2021. 232p. Hardcover, $25.99 (ISBN: 978-0691172712).",True
Decentralized Consensus Optimization Based on Parallel Random Walk.,True
Decoding clinical biomarker space of COVID-19: Exploring matrix factorization-based feature selection methods.,True
"Decoupled, Linear, and Energy Stable Finite Element Method for the Cahn-Hilliard-Navier-Stokes-Darcy Phase Field Model.",True
Dedication.,True
DeepTrain: A Programmable Embedded Platform for Training Deep Neural Networks.,True
Defending the Boundaries: Identifying and Countering Threats in a Usenet Newsgroup.,True
Defense Strategy Against Load Redistribution Attacks on Power Systems Considering Insider Threats.,True
Definitions of Managed Objects for SNA Data Link Control (SDLC) using SMIv2.,True
Demand-oblivious routing with planned link pruning.,True
Density of Extremal Sets in Multivariate Chebyshev Approximation.,True
Derivation of dynamic electric and magnetic response properties based on the quasienergy derivative method.,True
Design Optimization of Redundantly Actuated Cable-Driven Parallel Robots for Automated Warehouse System.,True
Design and Implementation of Smart Multi-Touch Interface Using Special Purpose CORDIC Processor.,True
Design and Implementation of Web Services Middleware to Support Fair Non-Repudiable Interactions.,True
Design and application of integrated parabolic soft actuator.,True
Design of WAMS-Based Multiple HVDC Damping Control System.,True
Design principles for the glycoprotein quality control pathway.,True
Designing in virtual reality: a comparison of problem-solving styles between desktop and VR environments.,True
Detection of Structural Changes in Tachogram Series for the Diagnosis of Atrial Fibrillation Events.,True
Determinants of IS Planning Comprehensiveness.,True
Determination of optimal order-up to level quantities for dependent spare parts using data mining.,True
Deterministic Extractors for Bit-Fixing Sources and Exposure-Resilient Cryptography.,True
Developing Infographics to Facilitate HIV-Related Patient-Provider Communication in a Limited-Resource Setting.,True
Developing the New Learning Environment: The Changing Role of the Academic Librarian.,True
Development of a Novel Burned-Area Subpixel Mapping (BASM) Workflow for Fire Scar Detection at Subpixel Level.,True
Development of a Smart Helmet for Strategical BCI Applications.,True
Development of artificial neural network for condition assessment of bridges based on hybrid decision making method - Feasibility study.,True
Development of open platform humanoid robot DARwIn-OP.,True
Digital Earth: a new challenge and new vision.,True
Digitale Transformation im stationären Einzelhandel.,True
Dimension quotients of metabelian Lie rings.,True
Directional Motion on Water Surface With Keel Extruded Footpads Propelled by Marangoni Effect.,True
Dissociated multi-unit activity and local field potentials: A theory inspired analysis of a motor decision task.,True
Dissociation of Working Memory Processing Associated with Native and Second Languages: PET Investigation.,True
Distance Oracles beyond the Thorup-Zwick Bound.,True
Distance Transformation for Network Design Problems.,True
Distributed Acoustic Sensing for Monitoring Linear Infrastructures: Current Status and Trends.,True
Distributed Dual Gradient Tracking for Resource Allocation in Unbalanced Networks.,True
Distributed Nesterov Gradient and Heavy-Ball Double Accelerated Asynchronous Optimization.,True
Distributed proportion-integration-derivation formation control for second-order multi-agent systems with communication time delays.,True
Does Information Technology Investment Influence a Firm's Market Value? A Case of Non-Publicly Traded Healthcare Firms.,True
Does virtual reality affect behavioral intention? Testing engagement processes in a K-Pop video on YouTube.,True
Domain-Independent Queries on Databases with External Functions.,True
Dominating sets in triangulations on surfaces.,True
Downlink Resource Sharing in Multichannel Device-to-Device Communication.,True
Drivers and barriers for secure hardware adoption across ecosystem stakeholders.,True
Dual-Input Transformer: An End-to-End Model for Preoperative Assessment of Pathological Complete Response to Neoadjuvant Chemotherapy in Breast Cancer Ultrasonography.,True
Dynamic QoS control of multimedia applications based on ,True
Dynamic anti-windup based control method for state constrained systems.,True
Dynamic changes in the secondary structure of ECE-1 and XCE account for their different substrate specificities.,True
Dynamic establishment of restorable connections using p.,True
E-Commerce Growth and the Changing Structure of the Retail Sales Industry.,True
E-medical diagnosis support system for non-invasive liver fibrosis recognition.,True
Early Flame Detection in Video Sequences based on D-S Evidence Theory.,True
EcoCyc: fusing model organism databases with systems biology.,True
Editorial Foreword.,True
Editorial on the special issue of RTNS 2020.,True
Editorial pointers.,True
Editorial.,True
Editorial: State of the Journal.,True
Editorial: Supporting healthcare reform with augmented electronic medical records system.,True
Effect of Game Based Balance Exercises on Rehabilitation After Knee Surgery: A Controlled Observational Study.,True
Effective Resistance Preserving Directed Graph Symmetrization.,True
Effects of Modulation Techniques on the Input Current Interharmonics of Adjustable Speed Drives.,True
Effects of Target Expansion on Selection Performance in Older Computer Users.,True
Effects of vocabulary training by computer in kindergarten.,True
Efficient Gridless Angle Estimation for Bistatic MIMO Radar With Planar Arrays.,True
Efficient classification of ventricular arrhythmias using feature selection and C4.5 classifier.,True
Efficient priority-first search maximum-likelihood soft-decision decoding of linear block codes.,True
Enabling data science in the Gaia mission archive: The present-day mass function and age distribution.,True
Encode Imaging System Parameters as Distribution to Improve Reflection Generation and Removal.,True
Energy Efficient Reservation-Based Cluster Head Selection in WSNs.,True
Energy-saving distributed monitoring-based firefly algorithm in wireless sensors networks.,True
Engagement in the course of programming in higher education through the use of gamification.,True
Enhance VR: A Multisensory Approach to Cognitive Training and Monitoring.,True
Enhanced IPCGAN-Alexnet model for new face image generating on age target.,True
Enhanced Marathi Speech Recognition Facilitated by Grasshopper Optimisation-Based Recurrent Neural Network.,True
Enhancing Information Retrieval Through Statistical Natural Language Processing: A Study of Collocation Indexing.,True
Ensemble Learning for Short-Term Traffic Prediction Based on Gradient Boosting Machine.,True
Ensemble convolutional neural networks for pose estimation.,True
Entanglement cost of generalised measurements.,True
Enterprise Network Security - A New Approach.,True
Environmental social governance management: a theoretical perspective for the role of disclosure in the supply chain.,True
Epistemology and economics.,True
"Erratum to ""Finite-Time Asynchronous Stabilization for Nonlinear Hidden Markov Jump Systems with Parameter Varying in Continuous-Time Case"".",True
"Erratum to ""Time Domain Calibration Method of Open-Ended Coaxial Probe in Dielectric Measurement"".",True
Error analysis for a non-standard class of differential quasi-interpolants.,True
Erste Überlegungen zur Erklärbarkeit von Deep-Learning-Modellen für die Analyse von Quellcode.,True
Estimating the extra costs imposed on delivery vehicles using access time windows in a city.,True
Estimation of fiber orientation and spin density distribution by diffusion deconvolution.,True
Euclidean Distance Approximations From Replacement Product Graphs.,True
Evaluating the user-centredness of development organisations: conclusions and implications from empirical usability capability maturity assessments.,True
Evaluation of Dynamic Channel and Power Assignment for Cognitive Networks.,True
Evidential weights of multiple preferences for competitiveness.,True
"Evolution and Evaluation of Safety Offered by Active Safety, ADAS, and AD Systems.",True
Existence of 2m-1 Positive Solutions for Sturm-Liouville Boundary Value Problems with Linear Functional Boundary Conditions on the Half-Line.,True
Existence of fuzzy prekernels and Mas-Colell bargaining sets in TU games.,True
Expanding risk consideration in integrated models - The role of downside risk aversion in irrigation decisions.,True
Expected model for portfolio selection with random fuzzy returns.,True
Explanation and description in computational neuroscience.,True
Explicit Runge-Kutta Methods Combined with Advanced Versions of the Richardson Extrapolation.,True
Exploiting GSM short message service for ubiquitous accessing.,True
Explorations into Virtual Architecture: A HIT Lab Gallery.,True
Exponential stability and solution bounds for systems with bounded nonlinearities.,True
Extending and interpreting Post's programme.,True
FAC: A Functional APL Language.,True
FCC's Broadband Quartet: A State-Federal Fugue or Feud?,True
FEA Modeling of Soft Tissue Interaction for Active Needles With a Rotational Tip Joint.,True
FPGA-Aware Scheduling Strategies at Hypervisor Level in Cloud Environments.,True
FUCEM: futuristic cooperation evaluation model using Markov process for evaluating node reliability and link stability in mobile ad hoc network.,True
Face feature extraction and recognition via local binary pattern and two-dimensional locality preserving projection.,True
Face morphing attack detection and attacker identification based on a watchlist.,True
Facial asymmetry-based feature extraction for different applications: a review complemented by new advances.,True
Factor copula models for multivariate data.,True
Factors Influencing Continuous Breath Signal in Intubated and Mechanically-Ventilated Intensive Care Unit Patients Measured by an Electronic Nose.,True
Factors affecting primary health care centers' economic and production efficiency.,True
Fast and Reliable Estimation of Multiple Parametric Images Using an Integrated Method for Dynamic SPECT.,True
Fast approximate solution of Bloch equation for simulation of RF artifacts in Magnetic Resonance Imaging.,True
Fast computation of Legendre moments of polyhedra.,True
Fast k-Nearest Neighbor Searching in Static Objects.,True
Faster Approximate Diameter and Distance Oracles in Planar Graphs.,True
Faster Similarity Search for Multimedia Data Via Query Transformations.,True
Fault-tolerant aggregation: Flow-Updating meets Mass-Distribution.,True
Feature Extraction in Character Recognition with Associative Memory Classifier.,True
Feature Investigation of a Segmented Pole Quasi- Halbach Tubular-Linear Synchronous Machine.,True
Feature-basierte Modellierung und Analyse von Variabilität in Produktlinienanforderungen.,True
Federated Learning-Based Cooperative Spectrum Sensing in Cognitive Radio.,True
Feedback control for rotational movements in feature space.,True
Financial equilibrium with asymmetric information and random horizon.,True
Finding Rectilinear Paths Among Obstacles in a Two-Layer Interconnection Model.,True
Fine-Grained Visual-Textual Representation Learning.,True
Fingerprint classification using a feedback-based line detector.,True
Finite-Time Control for Connected Vehicles Under Denial-of-Service Attacks: A Dynamic Event-Triggered Control Strategy.,True
Finite-Time Peak-To-Peak Filtering for Nonlinear Singular System.,True
Flexible Transaction Dependencies in Database Systems.,True
Forgery localization in images based on joint statistics of image blocks with neighbouring blocks.,True
Formal Lagrangian Operad.,True
Formal solutions of singularly-perturbed linear differential systems.,True
Fourier Transform over Finite Groups for Error Detection and Error Correction in Computation Channels,True
Fractional wavelet transform based diagnostic system for brain tumor detection in MR imaging.,True
Free at Last: The Future of Peer-Reviewed Journals.,True
Functional Fault Simulation as a Guide for Biased-Random Test Pattern Generation.,True
Functional proteomic pattern identification under low dose ionizing radiation.,True
Fundamentals of Implementing Real-Time Control Applications in Distributed Computer Systems.,True
Further results on time-free P systems.,True
Fuzzy logic control of three-pole active magnetic bearing system.,True
G-stack modulated probe intensities on expression arrays - sequence corrections and signal calibration.,True
GA-PPARM: constraint-based objective function and genetic algorithm for privacy preserved association rule mining.,True
GCLR: GNN-Based Cross Layer Optimization for Multipath TCP by Routing.,True
GMM-Based KLT-Domain Switched-Split Vector Quantization for LSF Coding.,True
Gains and limits of diversity techniques in cognitive radio systems.,True
"Gateways, architectures, and heffalumps.",True
Gaussian beam launching for 3D physical modeling of propagation channels.,True
Generalized Sphere-Packing Bounds on the Size of Codes for Combinatorial Channels.,True
Generalized techniques for solving intuitionistic fuzzy multi-objective non-linear optimization problems.,True
Generic Automorphisms with prescribed Fixed Fields.,True
Geoinformatics education in China.,True
Geometric Mean for Subspace Selection.,True
Geometrical Bounds for Variance and Recentered Moments.,True
Gewissensbits - wie würden Sie urteilen?,True
Graph decomposition with applications to subdivisions and path systems modulo ,True
Group Divisible Designs with Block Size Four and Group Type ,True
Group consensus for heterogeneous multi-agent systems with parametric uncertainties.,True
Growth Theorems for a Subclass of Strongly Spirallike Functions.,True
Guest Editors' Introduction: Special Issue on Autonomous Systems Design.,True
Guest Editors' Introduction: Special Issue on Cloud of Clouds.,True
H,True
Hamiltonian Systems: Chaos and Quantization (Alfredo M. Ozorio de Almeida). Chaos and Integrability in Nonlinear Dynamics: An Introduction (Michael Tabor) An Introduction to Chaotic Dynamical Systems (Robert L. Devaney).,True
HanLP-Based Technology Function Matrix Construction on Chinese Process Patents.,True
Harmonisierung divergierender organisationaler Kulturen in öffentlich-privaten IT-Partnerschaften.,True
Heavy-tails in Kalman filtering with packet losses.,True
Hiding Secrets in Plain Sight.,True
Hierarchical Layouts for Photo Libraries.,True
High-Level Synthesis of Number-Theoretic Transform: A Case Study for Future Cryptosystems.,True
High-tech indicators: assessing the competitiveness of selected European countries.,True
Higher-order correlations in non-stationary parallel spike trains: statistical modeling and inference.,True
Highly Specific and Cost-Efficient Detection of ,True
"Hilfsbereit, verständnisvoll, bescheiden: Problematik und Folgen von weiblichen Voice Assistants.",True
Hitori Numbers.,True
Homogeneous Spiking Neural P Systems.,True
Homophily and Social Norms in Experimental Network Formation Games.,True
Horizontal Auto-Scaling for Multi-Access Edge Computing Using Safe Reinforcement Learning.,True
How Attention Changes in Response to Incentives.,True
How can Social Herding Enhance Cooperation?,True
Human Activity Recognition on Microcontrollers with Quantized and Adaptive Deep Neural Networks.,True
Human-computer interaction and standardization.,True
Hybrid Blockchain Database Systems: Design and Performance.,True
Hybrid Reduced-Complexity Multiuser Detector for CDMA Communication Systems.,True
Hyper-Atoms Applied to the Critical Pair Theory.,True
HyperNet: A conditional k-anonymous and censorship resistant decentralized hypermedia architecture.,True
ILClass: Error-driven antecedent learning for evolving Takagi-Sugeno classification systems.,True
INDIGO: Better Geomagnetic Observatories Where We Need Them.,True
INTRODUCTION. Systèmes d'organisation des connaissances hétérogènes pour les applications documentaires.,True
IO and OI. II.,True
ISAR Imaging of Rotating Target with Equal Changing Acceleration Based on the Cubic Phase Function.,True
Impact of Factors Influencing Cyber Threats on Autonomous Vehicles.,True
Impact of Monsoon-Transported Anthropogenic Aerosols and Sun-Glint on the Satellite-Derived Spectral Remote Sensing Reflectance in the Indian Ocean.,True
Implementation and performance analysis of various VM placement strategies in CloudSim.,True
Implementation of Machine Learning for Autonomic Capabilities in Self-Organizing Heterogeneous Networks.,True
Improved Electric Field Distribution Within Bushing Insulation by EP/GO Nanocomposites With Reduced Temperature Coefficient of Conductivity.,True
Improved Robust Video Saliency Detection Based on Long-Term Spatial-Temporal Information.,True
Improved Speech Enhancement Considering Speech PSD Uncertainty.,True
Improved field localization in transcranial magnetic stimulation of the brain with the utilization of a conductive shield plate in the stimulator.,True
Improved hash and transmission method for larger packets in the RADIUS protocol.,True
Improved likelihood ratio test based voice activity detector applied to speech recognition.,True
Improved monarch butterfly optimization for unconstrained global search and neural network training.,True
Improving Human Decision Making through Case-Based Decision Aiding.,True
Improving amplify-and-forward relay networks: optimal power allocation versus selection.,True
Improving the Adversarial Robustness for Speaker Verification by Self-Supervised Learning.,True
Improving the prediction performance of customer behavior through multiple imputation.,True
In silico evaluation of the influence of the translocon on partitioning of membrane segments.,True
"Incomplete Markets, Allocative Efficiency, and the Information Revealed by Prices.",True
Incremental holistic controller.,True
Incremental-data stealth-transmission method in DSSS.,True
Independent Updates and Incremental Agreement in Replicated Databases.,True
Indoor Magnetic Signature Based Localization Algorithm without Person-Dependent Parameter Calibration.,True
Inferring Bias and Uncertainty in Camera Calibration.,True
Influence of the residual stress state of coatings on the wear behavior in external turning of AISI 4140 and Ti-6Al-4V.,True
"Information Society: Analyzing Problems and Prospects of Using Information Technologies, Computers and Communication Networks.",True
Information: 'I' vs. 'we' vs. 'they'.,True
Informationssysteme in der Medizin.,True
Initial Boundary Value Problem for Model Equations of Resistive Drift Wave Turbulence.,True
Input-to-State Stabilization of Nonlinear Systems via Event-Triggered Impulsive Control.,True
Integral geometry for the 1-norm.,True
Integrated Geophysics and Geomatics Surveys in the Valley of the Kings.,True
Integration of Sentinel-1 and Sentinel-2 Data for Land Cover Mapping Using W-Net.,True
Intelligent Modeling and Verification 2014.,True
Interference alignment in K-user multiple-input-multiple-output interference channels with partially coordinated receivers.,True
Intermodulation performance of biased-nonlinearities.,True
Internal Model Control of Permanent Magnet Synchronous Motor Using Support Vector Machine Generalized Inverse.,True
Internet of vehicle's resource management in 5G networks using AI technologies: Current status and trends.,True
Internetalization of End-Users.,True
Interpreting AI and its place in our worlds.,True
Into Scandinavia: When Online Fatherhood Reflects Societal Infrastructures.,True
Intra-Cluster Distance Minimization in DNA Methylation Analysis Using an Advanced Tabu-Based Iterative $k$k-Medoids Clustering Algorithm (T-CLUST).,True
Intraoperative visualization of cerebral oxygenation using hyperspectral image data: a two-dimensional mapping method.,True
Introduction.,True
Investigating voice in action teams: a critical review.,True
Is There a Fourth Law for Non-Ergodic Systems That Do Work to Construct Their Expanding Phase Space?,True
Issues in International Public Data Networking.,True
Issues of Importance in Designing GaAs Microcomputer Systems.,True
Joint segmentation and classification of retinal arteries/veins from fundus images.,True
Joint transmit antenna selection and precoding for millimeter wave massive MIMO systems.,True
K-means clustering analysis and evaluation for internet of acoustic environment characteristics.,True
KeyWords Plus - Algorithmic Derivative Indexing.,True
Keyword Search Over Probabilistic RDF Graphs.,True
Knightian decision theory and econometric inferences.,True
Knowledge Management Capability in Nursing care Performance in Selected Teaching Hospitals in Southwest Nigeria.,True
Knowledge Management Research Initiatives in North America.,True
Knowledge Transfer in Information Security Capacity Building for Community-Based Organizations.,True
LED Half-Power Angle Optimization for Ultra-Dense Indoor Visible Light Communication Network Deployment.,True
LEDGERBENCH: A Framework for Benchmarking Ledger Databases.,True
LMI conditions for global asymptotic stability results for neutral-type neural networks with distributed time delays.,True
Lagrangian Duality for Robust Problems with Decomposable Functions: The Case of a Robust Inventory Problem.,True
Landscape and Dynamics of the Transcriptional Regulatory Network During Natural Killer Cell Differentiation.,True
Large scale content distribution protocols.,True
Large-scale Cortical Network Properties Predict Future Sound-to-Word Learning Success.,True
Lattice pseudoeffect algebras as double residuated structures.,True
Leader-following mean square consensus of stochastic multi-agent systems with ROUs and RONs under periodically variable impulse time windows.,True
Learning Security QA from the Vulnerability Researchers.,True
Learning stacking regression for no-reference super-resolution image quality assessment.,True
Learning the Graph Edit Costs Based on a Learning Model Applied to Sub-optimal Graph Matching.,True
Learning to detect and understand drug discontinuation events from clinical narratives.,True
Left truncated and right censored Weibull data and likelihood inference with an illustration.,True
Leverage Point Identification Method for LAV-Based State Estimation.,True
LexBFS-orderings and powers of chordal graphs.,True
Library and Information Science research areas: A content analysis of articles from the top 10 journals 2007-8.,True
"Life, IoT, and the Pursuit of Happiness.",True
Lightweight Secure Message Delivery for E2E S2S Communication in the IoT-Cloud System.,True
Linear Complexity of New Binary Sequence Derived From Polynomial Quotients Modulo p in General Case and Their Generalizations.,True
Linear and DF joint detectors for DS-CDMA communications using periodic long codes.,True
Linear transformations for cross-lingual semantic textual similarity.,True
Link-Adaptive Mapper Designs for Space-Shift-Keying-Modulated MIMO Systems.,True
Literate specifications.,True
Local bifurcation Boundary and Steady-State Security Boundary in Large Electric Power Systems: Numerical Studies.,True
Local search heuristics for multi-index assignment problems with decomposable costs.,True
Local stability analysis for continuous-time Takagi-Sugeno fuzzy systems with time delay.,True
Local β compactness as fuzzy predicates defined in Łukasiewicz logic.,True
Localized measurement of image fractal dimension using gabor filters.,True
Long Time versus Steady State Optimal Control.,True
Lossy Compression of Communication Traces Using Recurrent Neural Networks.,True
Low gate interface traps AlGaN/GaN HEMTs using a lattice matched ZrZnO transparent gate design.,True
Low-Cost Passive Beamforming for RIS-Aided Wideband OFDM Systems.,True
Low-latency service function chain migration in edge-core networks based on open Jackson networks.,True
MAP Symbol decoding in channels with error bursts.,True
MDP-based handover policy in wireless relay systems.,True
MM-DSS: Integrating multimedia and decision-making knowledge in decision support systems.,True
MODEM: multi-omics data envelopment and mining in maize.,True
"MOLAR: A Cost-Efficient, High-Performance SSD-Based Hybrid Storage Cache.",True
MR-ELM: a MapReduce-based framework for large-scale ELM training in big data era.,True
MagicVO: An End-to-End Hybrid CNN and Bi-LSTM Method for Monocular Visual Odometry.,True
Magnetothermoelasticity with two relaxation times in conducting medium with variable electrical and thermal conductivity.,True
Making Customer Service a Priority.,True
Mapping rectangular mesh algorithms onto asymptotically space-optimal arrays.,True
Markov Chain Model for Events Following Induced Abortion.,True
Mass Segmentation in Automated 3-D Breast Ultrasound Using Adaptive Region Growing and Supervised Edge-Based Deformable Model.,True
Mathematical programming models for piecewise-linear discriminant analysis.,True
Maximizing Barber's bipartite modularity is also hard.,True
Maximum Matchings in General Graphs Through Randomization.,True
Maximum semi-matching problem in bipartite graphs.,True
Mechanisms of ventricular arrhythmias elicited by coexistence of multiple electrophysiological remodeling in ischemia: A simulation study.,True
"Mechanisms underlying decoding at 7 T: Ocular dominance columns, broad structures, and macroscopic blood vessels in V1 convey information on the stimulated eye.",True
Meeting Food Quality and Safety Requirements with Active and Intelligent Packaging Techniques.,True
Mercer and Wu-Srivastava generalisations of Steffensen's inequality.,True
"Metaverse: Perspectives from graphics, interactions and visualization.",True
Methods for Comprehensive Analysis of Heat Supply Reliability.,True
Microfluidic Cultivation and Laser Tweezers Raman Spectroscopy of ,True
"Microwave effect: analyzing citations from classic theories and their reinventions - a case study from a classic paper in aquatic ecology - Brooks & Dodson, 1965.",True
Minimax Probability TSK Fuzzy System Classifier: A More Transparent and Highly Interpretable Classification Model.,True
Mining Architecture Tactics and Quality Attributes knowledge in Stack Overflow.,True
Mixing network coding and cooperation for reliable wireless communications.,True
Mobile Applikationen im Recruiting und Personalmarketing.,True
Mobile Technology for Foreign Language Teaching: Building Bridges between Non-formal and Formal Scenarios.,True
Mobile spoken dialogue system using parser dependencies and ontology.,True
Moby: A Blackout-Resistant Anonymity Network for Mobile Devices.,True
Model predictive sliding mode control of six-phase induction motor using nine-switch converter.,True
Modeling Coverage in Camera Networks: A Survey.,True
Modeling allosteric signal propagation using protein structure networks.,True
Modelling Segmented Cardiotocography Time-Series Signals Using One-Dimensional Convolutional Neural Networks for the Early Detection of Abnormal Birth Outcomes.,True
Modelling Site Index in Forest Stands Using Airborne Hyperspectral Imagery and Bi-Temporal Laser Scanner Data.,True
Modification and Validation of the DREIDING Force Field for Molecular Liquid Simulations (DREIDING-UT).,True
Modified Magnitude-Phase Spectrum Information for Spoofing Detection.,True
Modular Simulation-Based Physical and Emotional Assessment of Ambient Intelligence in Traffic.,True
Monocular Semidirect Visual Odometry for Large-Scale Outdoor Localization.,True
Monotonicity properties of wholesale price contracts.,True
Movement Pattern Recognition of Medaka for an Insecticide: A Comparison of Decision Tree and Neural Network.,True
Multi-Agent Deep Reinforcement Learning for Trajectory Design and Power Allocation in Multi-UAV Networks.,True
Multi-Invariance ESPRIT-Based Blind DOA Estimation for MC-CDMA With an Antenna Array.,True
Multi-objective hierarchical algorithms for restoring Wireless Sensor Network connectivity in known environments.,True
Multichannel bandwidth allocation in a broadband packet switch.,True
Multipath Routing for Video Streaming inWireless Mesh Networks.,True
Multiscale Modeling of Skeletal Muscle Active Contraction in Relation to Mechanochemical Coupling of Molecular Motors.,True
"Multitarget likelihood computation for track-before-detect applications with amplitude fluctuations of type swerling 0, 1, and 3.",True
MyGeoHub - A sustainable and evolving geospatial science gateway.,True
NB-IoT Random Access for Nonterrestrial Networks: Preamble Detection and Uplink Synchronization.,True
NFS version 4 Protocol.,True
NFS-cc: tuning NFS for concurrent read sharing.,True
NFT Certificates and Proof of Delivery for Fine Jewelry and Gemstones.,True
Neural substrates of normal and impaired preattentive sensory discrimination in large cohorts of nonpsychiatric subjects and schizophrenia patients as indexed by MMN and P3a change detection responses.,True
Neutrosophic Logic Based Quantum Computing.,True
New Depth From Focus Filters in Active Monocular Vision Systems for Indoor 3-D Tracking.,True
New March Tests for Multiport RAM Devices.,True
New Method for the Estimation of Domains of Attraction of Fixed Points from Lyapunov Functions.,True
New Proposed Algorithms for nth Order Butterworth Active Filter Computer-Aided Design.,True
New techniques for untestable fault identification in sequential circuits.,True
Newly Elected CIS Administrative Committee Members (2021-2023) [Society Briefs].,True
Next2You: Robust Copresence Detection Based on Channel State Information.,True
Noise Localization Method for Model Tests in a Large Cavitation Tunnel Using a Hydrophone Array.,True
Nonrigid medical image registration with locally linear reconstruction.,True
Notes on the simulation of evolution.,True
Novel technique for preprocessing high dimensional time-course data from DNA microarray: mathematical model-based clustering.,True
Nucleotide sequence of tryptophan tRNA from Bacillus subtilis.,True
Numerical Minimization of Dirichlet Laplacian Eigenvalues of Four-Dimensional Geometries.,True
Numerical simulation of stochastic gene circuits.,True
OWA filters and forecasting models applied to electric power load time series.,True
Objective Methods for Reliable Detection of Concealed Depression.,True
Observer-Based Consensus Protocol for Directed Switching Networks With a Leader of Nonzero Inputs.,True
Offline signature verification using shape correspondence.,True
Offline-Enhanced Reduced Basis Method Through Adaptive Construction of the Surrogate Training Set.,True
On Adaptive Influence Maximization Under General Feedback Models.,True
On Kalman filtering over fading wireless channels with controlled transmission powers.,True
On Recovery of Sparse Signals With Prior Support Information via Weighted ℓₚ-Minimization.,True
On Row-Cyclic Codes with Algebraic Structure.,True
On Submesh Allocation for Mesh Multicomputers: A Best-Fit Allocation and a Virtual Submesh Allocation for Faulty Meshes.,True
On a Free Boundary Problem for a Strongly Degenerate Quasi-Linear Parabolic Equation with an Application to a Model of Pressure Filtration.,True
On an algorithm for Vision-based hand gesture recognition.,True
On constrained 2-Partitions of monochromatic sets and generalizations in the sense of Erdos-Ginzburg-Ziv.,True
On evolutionary computing in multi-ship trajectory planning.,True
On measuring the system coherency of quadratically nonlinear systems.,True
On multiserver feedback retrial queues with balking and control retrial rate.,True
On nonmetric similarity search problems in complex domains.,True
On numbers of vertices of maximum degree in the spanning trees of a graph.,True
On rank of block Hankel matrix for 2-D frequency detection and estimation.,True
On strong edge-colouring of subcubic graphs.,True
On the (Q-)index of 2-domination critical graphs.,True
On the Black-Box Complexity of Sperner's Lemma.,True
On the Calculation of Squaring Loss in Costas Loops with Arbitrary Arm Filters.,True
On the Convergence of Decentralized Gradient Descent.,True
On the Declarative Specification of Models.,True
On the Divergence and the Joshi Dependence Measure in Feature Selection.,True
On the Numerical Solution of Fredholm Integral Equations of the First Kind by the Inversion of the Linear System Produced by Quadrature.,True
On the Role of Land Surface Temperature as Proxy of Soil Moisture Status for Drought Monitoring in Europe.,True
On the applicability of the Fujisaki-Okamoto transformation to the BIKE KEM.,True
On the edge-density of 4-critical graphs.,True
On the expected time for Herman's probabilistic self-stabilizing algorithm.,True
On the non-idealness of cyclotomic families of pairing-friendly elliptic curves.,True
"On the optimal, fair and channel-aware cognitive radio network reconfiguration.",True
On the origin of distribution patterns of motifs in biological networks.,True
On the robust stabilizability of uncertain linear time-invariant plants using nonlinear time-varying controllers.,True
On turbo encodedBicm.,True
On weighted unbalanced linguistic aggregation operators in group decision making.,True
On-line Construction of Two-Dimensional Suffix Trees.,True
"One-Tape, Off-Line Turing Machine Computations",True
Online Stock Price Prediction Based on Interval Data Analysis.,True
Online detection and removal of eye blink artifacts from electroencephalogram.,True
Online education for developing contexts.,True
Open and Dense Topological Transitivity of Extensions by Non-Compact Fiber of Hyperbolic Systems: A Review.,True
Open hypermedia for product support.,True
Optical Path Cross-Connect System Scale Evaluation Using Path Accommodation Design for Restricted Wavelength Multiplexing .,True
Optimal Data Rate for Reliable Packet Communications in Laplace Noise.,True
Optimal Pilot Symbol Power Allocation under Time-variant Channels.,True
Optimal Power for Microwave Slotted Probes in Ablating Different Hepatocellular Carcinoma Sizes.,True
Optimal control of the behavior of solutions of an initial boundary value problem simulating rotation of a solid with an elastic rod.,True
Optimal policies with decreasing probability of imperfect maintenance.,True
Optimal power allocation for relayed transmissions over Rayleigh-fading channels.,True
Optimization driven multi-hop network design and experimentation: the approach of the FP7 project OPNEX.,True
Optimizing Spatial Mapping of Nested Loop for Coarse-Grained Reconfigurable Architectures.,True
Organisation innovation and entrepreneurship: the role of the national laboratories in promoting industrial development.,True
PANFIS: A Novel Incremental Learning Machine.,True
PDF/A: A Viable Addition to the Preservation Toolkit.,True
PID Controller Synthesis Using a σ-Hurwitz Stability Criterion.,True
PRALINE,True
Pair-v-SVR: A Novel and Efficient Pairing nu-Support Vector Regression Algorithm.,True
"Papers Invited from the 12th International Conference on ITS Telecommunications, Taipei, Taiwan, November 5-8, 2012 [Guest Editorial].",True
Parallel Simulated Annealing.,True
Parallelizing a finite element solver in computational hemodynamics.,True
Parameter-Free Attention in fMRI Decoding.,True
Particle Swarm Optimization With Interswarm Interactive Learning Strategy.,True
Path partition for graphs with special blocks.,True
Penalised spline estimation for generalised partially linear single-index models.,True
Perceptual non-intrusive speech quality assessment using a self-organizing map.,True
Performance modeling of microsecond scale biological molecular dynamics simulations on heterogeneous architectures.,True
Performance-Driven Assignment of Buffered I/O Signals in Area-I/O Flip-Chip Designs.,True
Personal informatics systems for supporting self-regulation in online learning environments.,True
Phasor Estimation Algorithm Based on Complex Frequency Filters for Digital Relaying.,True
Phone-level pronunciation scoring and assessment for interactive language learning.,True
Physics-Informed Hyperspectral Remote Sensing Image Synthesis With Deep Conditional Generative Adversarial Networks.,True
Piezo/Tribotronics Toward Smart Flexible Sensors.,True
Polar permutation graphs are polynomial-time recognisable.,True
Portable and Airborne Small Footprint LiDAR: Forest Canopy Structure Estimation of Fire Managed Plots.,True
Positive sum Operations on Ordinals and Normal Filters on Greatly Mahlo Cardinals.,True
Post-anthropocentric creativity.,True
Power allocation in vector estimation systems with the impact of wireless channel uncertainty.,True
Practical Verifiable Encryption and Decryption of Discrete Logarithms.,True
Prediction of Subsurface NMR T2 Distributions in a Shale Petroleum System Using Variational Autoencoder-Based Neural Networks.,True
"Predictive big data analytics for supply chain demand forecasting: methods, applications, and research opportunities.",True
Predictive control for sector bounded nonlinear model and its application to solid oxide fuel cell systems.,True
Preface.,True
"Pretense, Counterfactuals, and Bayesian Causal Models: Why What Is Not Real Really Matters.",True
Prioritized Deployment of Dynamic Service Function Chains.,True
Privacy-Preserving Analysis for Remote Video Anomaly Detection in Real Life Environments.,True
Privacy-preserving network forensics.,True
Private Cloud-Infrastrukturen und Cloud-Plattformen.,True
Private and rateless adaptive coded matrix-vector multiplication.,True
Probabilistic constraint tightening techniques for trajectory planning with predictive control.,True
Probabilistic visual secret sharing schemes for grey-scale images and color images.,True
Problem 11378.,True
Problem-based learning as an effective tool for teaching computer network design.,True
Processing of Noise Radar Waveforms using Block Least Mean Squares Algorithm.,True
Product Cost Management Structures: a review and neural network modelling.,True
Productive Use of Failure in Inductive Proof.,True
Professional ethics and social responsibility: military work and peacebuilding.,True
Professional networking with emailing groups: A case of Pakistan Library Automation Group.,True
Prometheus or Pandora: The Influence of Automation on Society.,True
Propagation of Measurement Errors Through Body Composition Equations for Body Impedance Analysis.,True
Properties of ,True
Prosody-driven Sentence Processing: An Event-related Brain Potential Study.,True
Protocols for reliable data transport in space internet.,True
Prototyping: generating ideas or cargo cult designs?,True
Pruning Strategy on Adaptive Rule Model by Sorting Utility Items.,True
Public Strategies for Artificial Intelligence: Which Value Drivers?,True
Publishing Artificial Intelligence Research Papers: A Tale of Three Journals.,True
Pulsar: A resource-control architecture for time-critical service-oriented applications.,True
Q-Learning Based Physical-Layer Secure Game Against Multiagent Attacks.,True
QPRD: QoS-Aware Peering Routing Protocol for Delay-Sensitive Data in Hospital Body Area Network.,True
QoE Vadis? (Dagstuhl Perspectives Workshop 16472).,True
QoS-Aware Middleware for Web Services Composition.,True
Quantification of Sub-Pixel Dynamics in High-Speed Neutron Imaging.,True
"Quantifying Spike Train Oscillations: Biases, Distortions and Solutions.",True
Quantitative evaluation of fiber tractography with a Delaunay triangulation-based interpolation approach.,True
Quantum Indistinguishability of Random Sponges.,True
Query Optimization in Star Computer Networks.,True
Query by Video Clip.,True
R & D indicators and socio-economic cohesion.,True
RIO configuration optimization for assured service in diffserv networks.,True
Ranking configuration parameters in multi-tiered e-commerce sites.,True
Rate-distortion theory applied to automatic object recognition.,True
Rational Points of Some Elliptic Curves Related to the Tilings of the Equilateral Triangle.,True
ReAlignerV: Web-based genomic alignment tool with high specificity and robustness estimated by species-specific insertion sequences.,True
Real controllability/stabilizability radius of LTI systems.,True
Real options analysis of investment in carbon capture and sequestration technology.,True
Real-Time Power Electronics Laboratory to Strengthen Distance Learning Engineering Education on Smart Grids and Microgrids.,True
Real-time event detection using recurrent neural network in social sensors.,True
Real-time multimedia broadcasting via direct-detection fiber-optic synchronous CDMA networks.,True
Real-time multiview data fusion for object tracking with RGBD sensors.,True
Realtime Simulation of Thin-Shell Deformable Materials Using CNN-Based Mesh Embedding.,True
Recent trends indicate rapid growth of nature-inspired optimization in academia and industry.,True
Recognition of abdominal organs using 3D mathematical morphology.,True
Reconstructing Binary Signals by Rule-Based Fuzzy Equalizer with Self-Organizing Capability.,True
"Reconstruction of the Infection Curve for SARS Epidemic in Beijing, China Using a Back-Projection Method.",True
Reduced Prediction Saturation and View Effects for Estimating the Leaf Area Index of Winter Wheat.,True
Reduction of sample sizes in network sampling models.,True
Reformulations for general advection-diffusion-reaction equations and locally implicit ADER schemes.,True
Region segmentation using information divergence measures.,True
Relativistic Effects in Bistatic Synthetic Aperture Radar.,True
Reliability Allocation Problem in Series-Parallel Systems: Ant Colony Optimization.,True
Reliable Estimation for Health Index of Transformer Oil Based on Novel Combined Predictive Maintenance Techniques.,True
"Reminiscences ""Back in the Good Old Days..."".",True
Remote Sensing Scene Graph and Knowledge Graph Matching with Parallel Walking Algorithm.,True
Reports on the AAAI 1999 Workshop Program.,True
Representation Learning for EEG-Based Biometrics Using Hilbert-Huang Transform.,True
Research and Implementation of Mobile Internet Management Optimization and Intelligent Information System Based on Smart Decision.,True
Research on Cluster Economy Operation Model Considering Customer Satisfaction.,True
Research on Sieving Performance of Flip-Flow Screen Using Two-Way Particles-Screen Panels Coupling Strategy.,True
Resource management in network dynamics: An optimal approach to the admission control problem.,True
Resultants over commutative idempotent semirings I: Algebraic aspect.,True
Reversible computing and implicit computational complexity.,True
Review Paper: Roundtable on Bioterrorism Detection: Information System-based Surveillance.,True
"Review of ""Concurrent and real-time systems: the CSP approach"" by Steve Schneider. Wiley 1999.",True
Review.,True
Road safety performance function analysis with visual feature importance of deep neural nets.,True
Robotic sound-source localisation architecture using cross-correlation and recurrent neural networks.,True
Robust and Unobtrusive Display-to-Camera Communications via Blue Channel Embedding.,True
Robust load planning of trains in intermodal transportation.,True
SAR Image Denoising via Sparse Representation in Shearlet Domain Based on Continuous Cycle Spinning.,True
SAR Target Configuration Recognition via Two-Stage Sparse Structure Representation.,True
SMS Banking: An Exploratory Investigation of the Factors Influencing Future Use.,True
SPECIAL ISSUE: 2017 International Conference on Applications and Techniques in Cyber Intelligence (ATCI 2017).,True
"SaffronTree: Fast, reference-free pseudo-phylogenomic trees from reads or contigs.",True
Sample size estimation in diagnostic test studies of biomedical informatics.,True
Sampling issues in quantitative analysis of dendritic spines morphology.,True
Satellite-Derived Variation in Burned Area in China from 2001 to 2018 and Its Response to Climatic Factors.,True
Scalable Parallel and Distributed Expert Database Systems with Predictive Load Balancing.,True
Scene Coordinate Regression Network With Global Context-Guided Spatial Feature Transformation for Visual Relocalization.,True
Science in the Cloud: Allocation and Execution of Data-Intensive Scientific Workflows.,True
Seawater Battery-Based Wireless Marine Buoy System With Battery Degradation Prediction and Multiple Power Optimization Capabilities.,True
Sec-D2D: A Secure and Lightweight D2D Communication System With Multiple Sensors.,True
Second-order statistics of system with ,True
"Second-sourcing CPUs - Emulation, Ethics, And Electropolitics.",True
Secondary use of electronic health record data for clinical workflow analysis.,True
Secure Transmission in Linear Multihop Relaying Networks.,True
Security performance evaluation for biometric template protection techniques.,True
Self-Selected Task Allocation.,True
Semantics of Multiplicative Propositional Signed Sequent Calculi with Structural Rules.,True
Sensitive Functions and Approximate Problems.,True
Sequent calculi for skeptical reasoning in predicate default logic and other nonmonotonic logics.,True
Server-Aided Fine-Grained Access Control Mechanism with Robust Revocation in Cloud Computing.,True
Service-Oriented Architecture on FPGA-Based MPSoC.,True
Service-Oriented Atmospheric Radiances (SOAR): Gridding and Analysis Services for Multisensor Aqua IR Radiance Data for Climate Studies.,True
Shape symmetry analysis of breast tumors on ultrasound images.,True
Shape-Driven EIT Reconstruction Using Fourier Representations.,True
"Sharing, Liking, Commenting, and Distressed? The Pathway Between Facebook Interaction and Psychological Distress.",True
Short-Term Electric Load Forecasting With Sparse Coding Methods.,True
Short-Term Loan.,True
Simulation of a pediatric hospital in evacuation considering groups.,True
Simultaneous Border Segmentation of Doughnut-Shaped Objects in Medical Images.,True
Simultaneous Domination in Graphs.,True
Singular value decomposition of time-varying matrices.,True
Small-Cell Assisted Group Paging for Massive MTC in LTE Networks: Design and Analysis.,True
Smart Edge Caching-Aided Partial Opportunistic Interference Alignment in HetNets.,True
Social Media: An Eccentric Business Communication Tool for the 21st Century Marketers.,True
Society Supports Software Engineering PE Examination.,True
Software Productivity in DevOps.,True
"Software engineering: a programming approach 2nd Edition : D Bell, I Morrey and J Pugh Prentice-Hall (1992) 338 pp £16.95 ISBN 0 13 832536 7.",True
Solitary wave simulations of Complex Modified Korteweg-de Vries Equation using differential quadrature method.,True
Solution algorithms for the generalized train unit shunting problem.,True
Solving Some Affine Equations over Finite Fields.,True
Solving a multiple-qualifications physician scheduling problem with multiple types of tasks by dynamic programming and variable neighborhood search.,True
Solving quadratic programs to high precision using scaled iterative refinement.,True
Sparse and Dense Linear Algebra for Machine Learning on Parallel-RDBMS Using SQL.,True
Special issue: Intelligent user interfaces.,True
Spectral Embedded Deep Clustering.,True
Spectral Variability Augmented Two-Stream Network for Hyperspectral Sparse Unmixing.,True
Spike-based compact digital neuromorphic architecture for efficient implementation of high order FIR filters.,True
Spinal alignment measurement in standing position using stereo-view roentgenography without positional calibration.,True
Stability of Non-constant Equilibrium Solutions for Bipolar Full Compressible Navier-Stokes-Maxwell Systems.,True
Stability of digital filters subject to external interference and state-delay.,True
Stabilizing an Uncertain Production System.,True
Static Scheduling for Dynamic Dataflow Machines.,True
"Statistical Modeling, Simulation, and Experimental Verification of Wideband Indoor Mobile Radio Channels.",True
"Statistical genetics & statistical genomics: Where biology, epistemology, statistics, and computation collide.",True
Steganographic transmission in optical networks with the use of direct spread spectrum technique.,True
Stepping out of the shallows.,True
Stepwise structural verification of cyclic workflow models with acyclic decomposition and reduction of loops.,True
Stochastic Models with Multistability and Extinction Levels.,True
Stoichiometric capacitance reveals the theoretical capabilities of metabolic networks.,True
Structural Analysis of Cloud Classifier.,True
Structuring and modules for knowledge bases: motivation for a new model.,True
Substitutive Systems and a Finitary Version of Cobham's Theorem.,True
Supposed maximum information for comprehensible representations in SOM.,True
Survey of security services on group communications.,True
"Survey on test case generation, selection and prioritization for cyber-physical systems.",True
Sybase System 11 Online Capabilities.,True
Symbol-by-Symbol MAP Decoding Algorithm for High-Rate Convolutional Codes That Use Reciprocal Dual Codes.,True
Syndicated crime and international terrorism: the lessons of '9-11'.,True
Syntax and Semantics: A Categorical View,True
System Dynamics and Tradeoffs in Radio Astronomical Data Transport of an Integrated Satellite Communication and Radio Astronomy System.,True
Systematic Integration of Design Methods.,True
Szeged index of TUC,True
TCP Pegas: A PSO-based improvement over TCP Vegas.,True
TEANS: A Target Enhancement and Attenuated Nonmaximum Suppression Object Detector for Remote Sensing Images.,True
TOPS Imaging With TerraSAR-X: Mode Design and Performance Analysis.,True
Tame and wild kernels of quadratic imaginary number fields.,True
Targeted estimation of heterogeneous treatment effect in observational survival analysis.,True
Technological innovations in hospitals: what kind of competitive advantage does adoption lead to?,True
Technology entrepreneurial styles: a comparison of UMC and TSMC.,True
Teilelogistik - Unterstützung durch Informations- und Kommunikationssysteme im vetrieb der Merzedes Benz AG.,True
Temperament trait Harm Avoidance associates with μ-opioid receptor availability in frontal cortex: A PET study using [,True
Ten Hot Topics around Scholarly Publishing.,True
Tensor-Based AAM with Continuous Variation Estimation: Application to Variation-Robust Face Recognition.,True
Test Power Reduction Using Integrated Scan Cell and Test Vector Reordering Techniques on Linear Scan and Double Tree Scan Architectures.,True
The Changing Library Environment.,True
The Conditions of Solvability of the Inverse Problem of Operator Equation for a Pattern Recognition Neurooperator Model.,True
The Correlation Between Bubble-Enhanced HIFU Heating and Cavitation Power.,True
The Effects of Network Externality and Flow Experience on Mobile SNS Continuance.,True
The Establishment of Green Industry Evaluation Index System Based on Dynamic Clustering - an Empirical Study from Dalian in China.,True
The First Summer School on Ubiquitous and Pervasive Computing.,True
The Game of Hacking Academic Websites.,True
The Hierarchy of Distributional Chaos.,True
The Preempt-Resume M/G/1 Queue with Feedback and Clocked Schedules.,True
The Questioning Turing Test.,True
The Relationship Between Trust and Use Choice in Human-Robot Interaction.,True
"The Yale human grasping dataset: Grasp, object, and task data in household and machine shop environments.",True
The changing mouse embryo transcriptome at whole tissue and single-cell resolution.,True
The effects of transparency on trust in and acceptance of a content-based art recommender.,True
"The failure of the ""localisationist project"" in mental medicine in nineteenth century France and the emergence of the neurological clinic.",True
The game coloring number of pseudo partial ,True
The halo algorithm-an algorithm for hierarchical design of rule checking of VLSI circuits.,True
The relationship between sustainable business management and competitiveness: research trends and challenge.,True
The role and problems of legal culture in the social security of the population of the Republic of Kazakhstan.,True
The role of low-frequency oscillations in three-dimensional perception with depth cues in virtual reality.,True
The significance of microprogramming.,True
The strong connectivity of bubble-sort star graphs.,True
The user of the future: Reimagining how we think about information.,True
"Theoretical calculations of extraction selectivity: Alkali cation complexes of calix[4]-bis-crown6 in pure water, chloroform, and at a water/chloroform interface.",True
Theoretical development of a probabilistic fuzzy model for opinion formation in social networks.,True
Threshold Effects of the Network Structure in the Relationship Between Patent PageRank and Patent Value.,True
Tighter constant-factor time hierarchies.,True
Time discretization and stability regions for dissipative-dispersive Kuramoto-Sivashinsky equation arising in turbulent gas flow over laminar liquid.,True
To swim or not to swim: A population-level model of Xenopus tadpole decision making and locomotor behaviour.,True
Topic-based label distribution learning to exploit label ambiguity for scene classification.,True
Topologic Proofs of Some Combinatorial Theorems.,True
Toward Universal Stripe Removal via Wavelet-Based Deep Convolutional Neural Network.,True
Towards a logical reconstruction of structured modeling.,True
Towards context aware tracking: a flatness based automotive oriented scheme with elastic execution time and sheaf determination.,True
Towards multidimensional subspace skyline analysis.,True
Towards predictable wireless cyber-physical applications.,True
Trade-offs between drug toxicity and benefit in the multi-antibiotic resistance system underlie optimal growth of E. coli.,True
Trading rule discovery in the US stock market: An empirical study.,True
Traffic Hazards on the Superhighway.,True
Transmission-Efficient Clustering Method for Wireless Sensor Networks Using Compressive Sensing.,True
Transorbital target localization with augmented ophthalmologic surgical endoscopy.,True
"Triangular intuitionistic fuzzy random decision making based on combination of parametric estimation, score functions, and prospect theory.",True
Tumor Grade and Overall Survival Prediction of Gliomas Using Radiomics.,True
Two Poset Polytopes.,True
Two-Pass Bilateral Smooth Filtering for Remote Sensing Imagery.,True
Two-dimensional dot codes for product identification.,True
Two-stage Robust Network Design with Exponential Scenarios.,True
UCL facsimile system.,True
UWB Channel Modeling in Roadway and Indoor Parking Environments.,True
Uncertain Currency Model and Currency Option Pricing.,True
Unique Normal Form and the Associated Coefficients for a Class of Three-Dimensional Nilpotent Vector Fields.,True
Universal Synchronous Rectification Scheme for LLC Resonant Converter Using Primary-Side Inductor Voltage.,True
Unsupervised Deep Joint Segmentation of Multitemporal High-Resolution Images.,True
Updating the Agenda for Academic Libraries and Scholarly Communications.,True
User-Like Executives.,True
Using Reputation Systems and Non-Deterministic Routing to Secure Wireless Sensor Networks.,True
Using a Parallel Helical Sensing Cable for the Distributed Measurement of Ground Deformation.,True
Using graph partitioning to discover regions of correlated spatio-temporal change in evolving graphs.,True
Using the Xeon Phi Platform to Run Speculatively-Parallelized Codes.,True
VSAT data networks.,True
Validation of the SARAH-E Satellite-Based Surface Solar Radiation Estimates over India.,True
Vector quantization of excitation gains in speech coding.,True
Vehicle Speed Prediction Using a Markov Chain With Speed Constraints.,True
Visible light communication using TDMA optical beamforming.,True
WPS orchestration using the Taverna workbench: The eScience approach.,True
Water Management in Agriculture: A Survey on Current Challenges and Technological Solutions.,True
Waveform Interpolation-Based Speech Analysis/Synthesis for HMM-Based TTS Systems.,True
Weak Galerkin finite element method with second-order accuracy in time for parabolic problems.,True
Weblogging: A study of social computing and its impact on organizations.,True
Weighted and Controlled Frames: Mutual Relationship and First Numerical Properties.,True
Well-posedness of the generalized Navier-Stokes equations with damping.,True
What can software engineers learn from manufacturing to improve software process and product?,True
What's happening.,True
When RSSI encounters deep learning: An area localization scheme for pervasive sensing systems.,True
Which security policies are enforceable by runtime monitors? A survey.,True
Wideband Interferometry in Synthetic Aperture Sonar.,True
"Words, Videos, and Popes.",True
Workshop der Nachwuchswissenschaftler/innen.,True
Workshop on multi-dimensional separation of concerns in software engineering.,True
XV. Jean Paul (1763-1825).,True
eHR Cloud Transformation: Implementation Approach and Success Factors.,True
ggparliament: A ggplot2 extension for parliament plots in R.,True
k-Efficient domination: Algorithmic perspective.,True
miR-196a-2 Promotes Malignant Progression of Thyroid Carcinoma by Targeting NRXN1.,True
mpC: a Multi-Paradigm Programming Language for Massively Parallel Computers.,True
tacmagic: Positron emission tomography analysis in R.,True
tvReg: Time-varying Coefficients in Multi-Equation Regression in R.,True
∂̄-dressing method for the coupled Gerdjikov-Ivanov equation.,True
基于时变加权马尔科夫链的网络异常检测模型 (Network Anomaly Detection Model Based on Time-varying Weighted Markov Chain).,True
